question,oracle
"Given this document, upload and parse it for answering the question: What is the primary objective of Retrieval Augmented Generation (RAG)?","RAG aims to enhance LLM response quality and reduce hallucinations by combining document chunks with prompts."
"Given this document, upload and parse it for answering the question: What are the three main categories of RAG architectures discussed?","The architectures are classified as Naive RAG, Advanced RAG, and Modular RAG."
"Given this document, upload and parse it for answering the question: What does the Retriever component do in a RAG system?","The Retriever identifies the top-k most relevant chunks from a knowledge base given a user query."
"Given this document, upload and parse it for answering the question: How does the proposed paragraph-based strategy generate coherent chunks?","It leverages document structure metadata, such as font size and text formatting, to create semantically coherent segments."
"Given this document, upload and parse it for answering the question: What specific Python module was used for document content extraction?","The authors used 'pymupdf' to extract content based on visual elements and spatial arrangement."
"Given this document, upload and parse it for answering the question: How is the font size threshold for a paragraph body determined?","It is computed as the statistical mode of font size values in the extracted DataFrames."
"Given this document, upload and parse it for answering the question: What defines a 'parent' chunk in the proposed strategy?","A parent chunk is a large string created by concatenating a paragraph title with its body text."
"Given this document, upload and parse it for answering the question: What is the role of 'child' chunks in the retrieval process?","Child chunks are smaller divisions of parent chunks used to increase retriever precision; hitting one returns the full parent chunk."
"Given this document, upload and parse it for answering the question: Which vector database was utilized for storing document embeddings?","The study utilized ChromaDB."
"Given this document, upload and parse it for answering the question: What specific LLM was chosen for its ability to process large contexts and speak Italian?","The model used was 'anakin87/Phi-3.5-mini-ITA', a fine-tuned version of Microsoft Phi."
"Given this document, upload and parse it for answering the question: Why was the 'intfloat/multilingual-e5-large-instruct' model employed?","It was used to ensure multilingual support and correctly compute embeddings for foreign language text."
"Given this document, upload and parse it for answering the question: What is the 'fixed-size strategy' for chunking?","It involves segmenting text into a predetermined number of characters, often using overlaps to maintain coherence."
"Given this document, upload and parse it for answering the question: How does the 'recursive strategy' function?","It systematically breaks text using separators like punctuation and calls itself recursively until a target size is reached."
"Given this document, upload and parse it for answering the question: What is the 'document specific strategy'?","A strategy that segments documents based on unique metadata like tags, markers, or headings."
"Given this document, upload and parse it for answering the question: What is a major drawback of the 'semantic strategy' according to the paper?","It can lead to significant information loss and poor-quality chunks by over-filtering based on embeddings."
"Given this document, upload and parse it for answering the question: What does the 'lost in the middle' phenomenon refer to?","It describes how information located in the center of a context block is less accessible to the generator than information at the beginning or end."
"Given this document, upload and parse it for answering the question: How does the system handle data contained in images or tables?","It uses an integrated Optical Character Recognition (OCR) system to prevent the loss of critical information."
"Given this document, upload and parse it for answering the question: What was the subject of the four documents used in the evaluation?","The documents were territorial planning files focused on waste collection and urban sanitation services."
"Given this document, upload and parse it for answering the question: How many experts participated in the empirical evaluation?","21 experts in urban sanitation participated in the assessment."
"Given this document, upload and parse it for answering the question: What percentage of appreciation did the paragraph-based strategy receive from experts?","The strategy received an appreciation percentage of 55.6%."
"Given this document, upload and parse it for answering the question: What does BERTScore measure?","It measures semantic similarity between candidate and reference texts using contextual embeddings."
"Given this document, upload and parse it for answering the question: What is the purpose of the BLEU metric?","BLEU evaluates machine-generated translations by comparing them to references using n-gram matching."
"Given this document, upload and parse it for answering the question: How does METEOR improve upon the BLEU metric?","It incorporates features like stemming and synonym matching to better reflect human judgment."
"Given this document, upload and parse it for answering the question: What does the ROUGE metric emphasize?","ROUGE emphasizes recall to evaluate how comprehensively a generated summary captures key ideas from a reference."
"Given this document, upload and parse it for answering the question: Why was the recursive strategy excluded from the final evaluation?","It produced chunks identical to the fixed-size approach when used with the Langchain RecursiveCharacterTextSplitter."
"Given this document, upload and parse it for answering the question: What hardware was used to load the pre-trained model for evaluation?","An Nvidia A100 GPU was used to enhance computation speed."
"Given this document, upload and parse it for answering the question: What is the 'Generate-Read' variant of Modular RAG?","It replaces traditional document retrieval with LLM-generated contextual content."
"Given this document, upload and parse it for answering the question: What is the 'Rewrite-Retrieve-Read' approach?","An approach where an LLM rewrites the query to improve the accuracy of the retrieval."
"Given this document, upload and parse it for answering the question: How does the system identify a paragraph title?","Text spans with a font size larger than the statistical mode are marked as titles."
"Given this document, upload and parse it for answering the question: What were the results for the fixed-size strategy in the expert interview?","The fixed-size strategy garnered a 19.9% appreciation rate."
"Given this document, upload and parse it for answering the question: What problem does the Advanced RAG architecture specifically address compared to Naive RAG?","Advanced RAG introduces pre-retrieval and post-retrieval strategies to overcome issues like low precision and poor recall."
"Given this document, upload and parse it for answering the question: How does the paper define 'coarse-grained' retrieval?","It refers to the retrieval of large text blocks which, while contextually rich, often contain 'noise' that reduces the precision of the LLM response."
"Given this document, upload and parse it for answering the question: What is the statistical significance of using the 'mode' for font size?","The mode identifies the most frequent font size in the document, which reliably represents the standard body text, allowing the system to distinguish it from titles."
"What is a 'Modular RAG' architecture?","It is a highly flexible framework that allows for the integration of specialized modules like search engines, memory components, or RAG-based query expansion."
"Given this document, upload and parse it for answering the question: How does the paragraph-based strategy improve the 'cohesion' of chunks?","By using physical document structure rather than arbitrary character counts, it ensures that related sentences within a paragraph stay together in a single chunk."
"Given this document, upload and parse it for answering the question: What role does the 'bounding box' metadata play in text extraction?","Bounding boxes provide the spatial coordinates of text on a page, helping the system understand the physical layout and grouping of related text blocks."
"Given this document, upload and parse it for answering the question: Explain the 'Retrieve-Rewrite-Read' process mentioned in the research.","It is a modular approach where a model first retrieves information, then a second model rewrites the query or context to better suit the reader model's generation task."
"Given this document, upload and parse it for answering the question: What is the limitation of the 'Fixed-size' strategy regarding semantic meaning?","It often cuts sentences in half or separates related ideas because it enforces a strict character or token limit regardless of the text's natural structure."
"Given this document, upload and parse it for answering the question: How does the paper describe the 'Indexing' phase in a RAG pipeline?","Indexing involves cleaning the raw data, segmenting it into manageable chunks, and transforming those chunks into vector representations for the database."
"Given this document, upload and parse it for answering the question: What is 'fine-grained' retrieval and why is it used?","It involves searching through very small text units to find the exact match for a query, though it often lacks enough context for the LLM to generate a full answer."
"Given this document, upload and parse it for answering the question: Why did the authors choose a 'Parent-Child' relationship for their vector store?","This allows the system to search highly specific 'child' chunks for accuracy while delivering the larger, more informative 'parent' paragraph to the LLM."
"Given this document, upload and parse it for answering the question: What is the 'Query Transformation' technique in Advanced RAG?","It is a pre-retrieval step that rewords or expands the user's input to make it more compatible with the way information is indexed in the vector database."
"Given this document, upload and parse it for answering the question: Describe the 'Post-retrieval' refinement process.","After chunks are retrieved, they are re-ranked or compressed to ensure only the most relevant and high-quality information is fed into the generator."
"Given this document, upload and parse it for answering the question: What specific challenge does the research mention regarding OCR integration?","The research notes that information within images and tables can be lost if a system relies only on standard text extraction, requiring OCR to capture that data."
"Given this document, upload and parse it for answering the question: What were the results of the paragraph-based strategy in the automatic evaluation for BERTScore?","The paragraph-based strategy achieved a score of 0.81, which was higher than the fixed-size strategy's 0.77."
"Given this document, upload and parse it for answering the question: How does the ROUGE-L metric differ from ROUGE-N?","ROUGE-L measures the Longest Common Subsequence (LCS), focusing on the structure and sentence-level similarity rather than just individual word matches."
"Given this document, upload and parse it for answering the question: Why is the 'anakin87/Phi-3.5-mini-ITA' model considered suitable for this study?","Because it is a lightweight model fine-tuned for the Italian language that can handle a large context window of up to 128k tokens."
"Given this document, upload and parse it for answering the question: What did the 'Semantic strategy' evaluation reveal about its performance?","The semantic strategy performed the worst among all tested methods, showing significant information loss and very low similarity scores."
"Given this document, upload and parse it for answering the question: How does the 'mode' calculation help in multi-page documents?","It aggregates font data across all pages to establish a consistent baseline for what constitutes 'normal' text versus 'header' text throughout the entire file."
"Given this document, upload and parse it for answering the question: What are 'hallucinations' in the context of LLMs?","Hallucinations are instances where an LLM generates information that is factually incorrect or not supported by the provided context."
"Given this document, upload and parse it for answering the question: How does the system identify the end of a paragraph?","The system monitors the spatial arrangement and shifts in font/formatting; a return to the 'mode' font size after a title usually indicates the start of a paragraph body."
"Given this document, upload and parse it for answering the question: What is the 'Self-RAG' approach in Modular RAG?","Self-RAG is a framework where the model critiques its own retrieved context and generated output to ensure accuracy and relevance."
"Given this document, upload and parse it for answering the question: What was the expert consensus on the 'fixed-size' strategy in the interviews?","Experts found it less effective, giving it only a 19.9% appreciation rate compared to the paragraph-based approach."
"Given this document, upload and parse it for answering the question: Explain the importance of 'embedding vectors' in the retrieval process.","Embeddings convert text into numerical values in a high-dimensional space, allowing the system to find 'similar' content based on mathematical distance rather than just keywords."
"Given this document, upload and parse it for answering the question: What is 'Contextual recall' in the RAGAS framework?","It measures how much of the necessary information required to answer the question was actually present in the retrieved chunks."
"Given this document, upload and parse it for answering the question: How does the system handle 'titles' in the paragraph-based strategy?","Titles are identified by their larger font size and are concatenated with the following text body to create a complete 'parent' chunk."
"Given this document, upload and parse it for answering the question: Why did the researchers evaluate the system using territorial planning documents?","Because these documents are highly complex, structured, and contain dense regulatory information that tests the limits of standard chunking."
"Given this document, upload and parse it for answering the question: What is 'Metadata filtering'?","It is an Advanced RAG technique that uses additional attributes (like date, author, or page number) to narrow down the search space in the vector database."
"Given this document, upload and parse it for answering the question: How does the 'Pre-retrieval' stage affect overall system performance?","It improves the quality of the search by optimizing the query or the index before the actual retrieval happens, leading to better chunk matches."
"Given this document, upload and parse it for answering the question: What conclusion did the authors draw regarding document structure?","They concluded that respecting the natural hierarchy and formatting of a document significantly improves the RAG system's ability to provide accurate answers."
